email,password,space,floor,unit_id,ForceMeeting
hungnv11+++001@rikkeisoft.com,12345678a,space2,floor6,4363,True
hungnv11+++002@rikkeisoft.com,12345678a,space2,floor6,4363,True
hungnv11+++003@rikkeisoft.com,12345678a,space2,floor6,4363,True
hungnv11+++004@rikkeisoft.com,12345678a,space2,floor6,4363,True
hungnv11+++005@rikkeisoft.com,12345678a,space2,floor6,4363,True
hungnv11+++006@rikkeisoft.com,12345678a,space2,floor6,4363,True
hungnv11+++007@rikkeisoft.com,12345678a,space2,floor6,4363,True
hungnv11+++008@rikkeisoft.com,12345678a,space2,floor6,4363,True
quinh+0704001@rikkeisoft.com,12345678a,space2,floor6,4363,True
quinh+0704002@rikkeisoft.com,12345678a,space2,floor6,4363,True
quinh+0704003@rikkeisoft.com,12345678a,space2,floor6,4363,True
quinh+0704004@rikkeisoft.com,12345678a,space2,floor6,4363,True
quinh+0704005@rikkeisoft.com,12345678a,space2,floor6,4363,True
quinh+0704006@rikkeisoft.com,12345678a,space2,floor6,4363,True
quinh+0704007@rikkeisoft.com,12345678a,space2,floor6,4363,True
quinh+0704008@rikkeisoft.com,12345678a,space2,floor6,4363,True
quinh+0704009@rikkeisoft.com,12345678a,space2,floor6,4363,True
quinh+0704010@rikkeisoft.com,12345678a,space2,floor6,4363,True
quinh+0704011@rikkeisoft.com,12345678a,space2,floor6,4363,True
